{"totalsumWeights": {"ttbar_2017": 96263174153.75966, "st_tch_tbar_2017": 8881846854.917532, "st_tch_t_2017": 25525430520.76821, "st_tW_tbar_2017": 184446313.2999961, "st_tW_t_2017": 183933832.00639606}}