{"totalsumWeights": {"ttbar_2018": 559902711492.6656, "st_tch_tbar_2018": 6128118469.544348, "st_tch_t_2018": 12833838431.98212, "st_tW_tbar_2018": 251902163.20999584, "st_tW_t_2018": 258137398.5807947}}