{"totalsumWeights": {"ttbar_2017": 96263174153.75967, "st_tch_tbar_2017": 2283096199.9656935, "st_tch_t_2017": 6417535270.6140585, "st_tW_tbar_2017": 184446313.29999608, "st_tW_t_2017": 183933832.00639606}}