{"totalsumWeights": {"wjetstolnu4jets_bpix_2023": 11932667489629.225,
"zto2nu4jetsht0100_bpix_2023": 36399086653.639885,
"zto2nu4jetsht0200_bpix_2023": 13719456916.476944,
"zto2nu4jetsht0400_bpix_2023": 260817391.39399993,
"zto2nu4jetsht0800_bpix_2023": 7238614.260084009,
"zto2nu4jetsht1500_bpix_2023": 515002.5996580001,
"zto2nu4jetsht2500_bpix_2023": 37791.60992453498,
"qcd4jetsht0040_bpix_2023": 1.6093441635428e+16,
"qcd4jetsht0070_bpix_2023": 5154127474702020.0,
"qcd4jetsht0100_bpix_2023": 3363334234201000.0,
"qcd4jetsht0200_bpix_2023": 290479459942100.0,
"qcd4jetsht0400_bpix_2023": 21687493936910.0,
"qcd4jetsht0600_bpix_2023": 3072963522724.0,
"qcd4jetsht0800_bpix_2023": 679454823157.6002,
"qcd4jetsht1000_bpix_2023": 210505077404.638,
"qcd4jetsht1200_bpix_2023": 96818650324.66107,
"qcd4jetsht1500_bpix_2023": 28647491492.050083,
"qcd4jetsht2000_bpix_2023": 7180699662.627241,
"ttto4q_bpix_2023": 18477624188.939976,
"ttto2l2nu_bpix_2023": 1649570924.4376156,
"tttolnu2q_bpix_2023": 26029466390.094147}}


