{"totalsumWeights": {"wjetstolnu4jets_2023":    23517689261848.203,
                     "zto2nu4jetsht0100_2023":  130128424509.27274,
                     "zto2nu4jetsht0200_2023":  29049539846.128983,
                     "zto2nu4jetsht0400_2023":  542518757.2888502,
                     "zto2nu4jetsht0800_2023":  13805194.816498,
                     "zto2nu4jetsht1500_2023":  1036515.5987850004,
                     "zto2nu4jetsht2500_2023":  64868.95532466102,
                     "qcd4jetsht0040_2023":     4.23188266807912e+16,
                     "qcd4jetsht0070_2023":     1.209286659863e+16,
                     "qcd4jetsht0100_2023":     6466469716813040.0,
                     "qcd4jetsht0200_2023":     642684675036100.0,
                     "qcd4jetsht0400_2023":     38990628234785.5,
                     "qcd4jetsht0600_2023":     5590491420496.62,
                     "qcd4jetsht0800_2023":     1437723777918.0154,
                     "qcd4jetsht1000_2023":     372622796955.13995,
                     "qcd4jetsht1200_2023":     154475011095.70422,
                     "qcd4jetsht1500_2023":     66276956359.48999,
                     "qcd4jetsht2000_2023":     14786875300.672995,
                     "ttto4q_2023":             30320700647.71995,
                     "ttto2l2nu_2023":           3872314951.3446364,
                     "tttolnu2q_2023":          50499917837.1243}}


