{
  "totalsumWeights": {
    "zto2nu4jetsht0100_2022": 57701786280.44721,
    "zto2nu4jetsht0200_2022": 13872593531.52383,
    "zto2nu4jetsht0400_2022": 264042427.41059005,
    "zto2nu4jetsht0800_2022": 8095902.960486,
    "zto2nu4jetsht1500_2022": 518119.03066810005,
    "zto2nu4jetsht2500_2022": 39201.407667336,
    "wjetstolnu4jets_2022": 11088691133724.336,
    "qcd4jetsht0040_2022": 2.28451532081246e+16,
    "qcd4jetsht0070_2022": 5921902736322500.0,
    "qcd4jetsht0100_2022": 3037885328658780.0,
    "qcd4jetsht0200_2022": 357587896472215.0,
    "qcd4jetsht0400_2022": 20740766842068.16,
    "qcd4jetsht0600_2022": 3102334913870.331,
    "qcd4jetsht0800_2022": 833813427109.3461,
    "qcd4jetsht1000_2022": 240538126678.02603,
    "qcd4jetsht1200_2022": 108598607313.55367,
    "qcd4jetsht1500_2022": 37148360150.749214,
    "qcd4jetsht2000_2022": 4294017421.624161,
    "ttto4q_2022": 18381017188.32027,
    "ttto2l2nu_2022": 1918579016.3863077,
    "tttolnu2q_2022": 18317185585.088867
  }
}