{
  "totalsumWeights": {
    "zto2nu4jetsht0100_ee_2022": 25874219486.640087,
    "zto2nu4jetsht0200_ee_2022": 49090277043.11556,
    "zto2nu4jetsht0400_ee_2022": 986205325.2515408,
    "zto2nu4jetsht0800_ee_2022": 25370542.92509702,
    "zto2nu4jetsht1500_ee_2022": 1953050.5228056998,
    "zto2nu4jetsht2500_ee_2022": 119272.52139526699,
    "wjetstolnu4jets_ee_2022": 43912646977129.375,
    "qcd4jetsht0040_ee_2022": 8.064814409243262e+16,
    "qcd4jetsht0070_ee_2022": 2.024907269064244e+16,
    "qcd4jetsht0100_ee_2022": 1.149179264297463e+16,
    "qcd4jetsht0200_ee_2022": 1239498970297382.0,
    "qcd4jetsht0400_ee_2022": 72828125384333.98,
    "qcd4jetsht0600_ee_2022": 1190769297666.299,
    "qcd4jetsht0800_ee_2022": 2649891618409.2085,
    "qcd4jetsht1000_ee_2022": 792555092869.9965,
    "qcd4jetsht1200_ee_2022": 375211481893.9856,
    "qcd4jetsht1500_ee_2022": 108936161853.38582,
    "qcd4jetsht2000_ee_2022": 23281007490.75912,
    "ttto4q_ee_2022": 63445003433.95107,
    "ttto2l2nu_ee_2022": 7015131060.567322,
    "tttolnu2q_ee_2022": 90164077629.49965
  }
}